"","area","latitude","longitude","region"
"1",1,45.989,-59.825,"ScotiaFundy"
"2",1,46.38,-59.03,"ScotiaFundy"
"3",1,47.0033,-59.825,"ScotiaFundy"
"4",1,46.925,-59.9333,"ScotiaFundy"
"5",1,46.625,-60.35,"ScotiaFundy"
"6",1,46.35,-60.3175,"ScotiaFundy"
"7",1,46.175,-59.79,"ScotiaFundy"
"8",2,47.0033,-59.825,"ScotiaFundy"
"9",2,47.2383,-59.4917,"ScotiaFundy"
"10",2,46.05,-57.8,"ScotiaFundy"
"11",2,45.82,-58.2,"ScotiaFundy"
"12",2,46.02,-58.5,"ScotiaFundy"
"13",2,46.38,-59.03,"ScotiaFundy"
"14",3,46.05,-57.8,"ScotiaFundy"
"15",3,44.68,-56.25,"ScotiaFundy"
"16",3,44.45,-57.06,"ScotiaFundy"
"17",3,45.12,-57.6,"ScotiaFundy"
"18",3,45.82,-58.2,"ScotiaFundy"
"19",4,45.12,-57.6,"ScotiaFundy"
"20",4,44.45,-57.06,"ScotiaFundy"
"21",4,43.91,-58.88,"ScotiaFundy"
"22",4,44.42,-59.21,"ScotiaFundy"
"23",4,44.44,-60,"ScotiaFundy"
"24",4,44.66,-60,"ScotiaFundy"
"25",4,44.53,-59.35,"ScotiaFundy"
"26",5,46.02,-58.5,"ScotiaFundy"
"27",5,45.82,-58.2,"ScotiaFundy"
"28",5,45.12,-57.6,"ScotiaFundy"
"29",5,44.53,-59.35,"ScotiaFundy"
"30",5,44.66,-60,"ScotiaFundy"
"31",5,45.41,-60,"ScotiaFundy"
"32",6,46.38,-59.03,"ScotiaFundy"
"33",6,46.02,-58.5,"ScotiaFundy"
"34",6,45.41,-60,"ScotiaFundy"
"35",6,44.8,-61.4,"ScotiaFundy"
"36",6,45.02,-61.73,"ScotiaFundy"
"37",6,45.2316,-61.31,"ScotiaFundy"
"38",6,45.18,-61.16,"ScotiaFundy"
"39",6,45.25,-60.93,"ScotiaFundy"
"40",6,45.36,-60.93,"ScotiaFundy"
"41",6,45.3575,-61.06,"ScotiaFundy"
"42",6,45.989,-59.825,"ScotiaFundy"
"43",7,44.8,-61.4,"ScotiaFundy"
"44",7,45.41,-60,"ScotiaFundy"
"45",7,44.44,-60,"ScotiaFundy"
"46",7,44.25,-60.5,"ScotiaFundy"
"47",7,44.35,-61,"ScotiaFundy"
"48",8,44.44,-60,"ScotiaFundy"
"49",8,44.42,-59.21,"ScotiaFundy"
"50",8,43.91,-58.88,"ScotiaFundy"
"51",8,43.9,-58.97,"ScotiaFundy"
"52",8,44.25,-60.5,"ScotiaFundy"
"53",9,44.35,-61,"ScotiaFundy"
"54",9,44.25,-60.5,"ScotiaFundy"
"55",9,43.9,-58.97,"ScotiaFundy"
"56",9,43.3,-61,"ScotiaFundy"
"57",10,44.35,-61,"ScotiaFundy"
"58",10,43.3,-61,"ScotiaFundy"
"59",10,43.01,-61.82,"ScotiaFundy"
"60",10,42.96,-62.2,"ScotiaFundy"
"61",10,43.7,-62.15,"ScotiaFundy"
"62",11,43.71,-62.56,"ScotiaFundy"
"63",11,43.7,-62.15,"ScotiaFundy"
"64",11,42.96,-62.2,"ScotiaFundy"
"65",11,42.91,-62.77,"ScotiaFundy"
"66",11,43.45,-62.75,"ScotiaFundy"
"67",12,44.8,-61.4,"ScotiaFundy"
"68",12,44.35,-61,"ScotiaFundy"
"69",12,43.7,-62.15,"ScotiaFundy"
"70",12,43.71,-62.56,"ScotiaFundy"
"71",12,43.45,-62.75,"ScotiaFundy"
"72",12,43.32,-63.63,"ScotiaFundy"
"73",12,44.21,-63.07,"ScotiaFundy"
"74",13,45.02,-61.73,"ScotiaFundy"
"75",13,44.8,-61.4,"ScotiaFundy"
"76",13,44.21,-63.07,"ScotiaFundy"
"77",13,44.55,-63.25,"ScotiaFundy"
"78",14,44.55,-63.25,"ScotiaFundy"
"79",14,44.21,-63.07,"ScotiaFundy"
"80",14,43.54,-64.8,"ScotiaFundy"
"81",14,43.71,-64.97,"ScotiaFundy"
"82",15,44.21,-63.07,"ScotiaFundy"
"83",15,43.32,-63.63,"ScotiaFundy"
"84",15,43.45,-64.33,"ScotiaFundy"
"85",15,43.54,-64.8,"ScotiaFundy"
"86",16,43.45,-62.75,"ScotiaFundy"
"87",16,42.91,-62.77,"ScotiaFundy"
"88",16,42.79,-63.85,"ScotiaFundy"
"89",16,43.32,-63.63,"ScotiaFundy"
"90",17,43.45,-64.33,"ScotiaFundy"
"91",17,43.32,-63.63,"ScotiaFundy"
"92",17,42.79,-63.85,"ScotiaFundy"
"93",17,42.73,-64.23,"ScotiaFundy"
"94",17,43.08,-64.52,"ScotiaFundy"
"95",18,43.15,-64.98,"ScotiaFundy"
"96",18,43.08,-64.52,"ScotiaFundy"
"97",18,42.73,-64.23,"ScotiaFundy"
"98",18,42.42,-64.95,"ScotiaFundy"
"99",18,42.8,-65.18,"ScotiaFundy"
"100",19,43.54,-64.8,"ScotiaFundy"
"101",19,43.45,-64.33,"ScotiaFundy"
"102",19,43.08,-64.52,"ScotiaFundy"
"103",19,43.15,-64.98,"ScotiaFundy"
"104",20,43.71,-64.97,"ScotiaFundy"
"105",20,43.54,-64.8,"ScotiaFundy"
"106",20,43.16,-65.6,"ScotiaFundy"
"107",20,43.4,-65.61,"ScotiaFundy"
"108",21,43.54,-64.8,"ScotiaFundy"
"109",21,43.15,-64.98,"ScotiaFundy"
"110",21,42.8,-65.18,"ScotiaFundy"
"111",21,42.82,-65.55,"ScotiaFundy"
"112",21,43.16,-65.6,"ScotiaFundy"
"113",22,42.8,-65.18,"ScotiaFundy"
"114",22,42.42,-64.95,"ScotiaFundy"
"115",22,42.13,-65.55,"ScotiaFundy"
"116",22,42.56,-66.1,"ScotiaFundy"
"117",22,42.79,-67,"ScotiaFundy"
"118",22,42.88,-66.62,"ScotiaFundy"
"119",22,42.82,-65.55,"ScotiaFundy"
"120",23,43.1,-66.52,"ScotiaFundy"
"121",23,43.16,-65.6,"ScotiaFundy"
"122",23,42.82,-65.55,"ScotiaFundy"
"123",23,42.88,-66.62,"ScotiaFundy"
"124",24,44.21,-66.5,"ScotiaFundy"
"125",24,43.4,-65.61,"ScotiaFundy"
"126",24,43.16,-65.6,"ScotiaFundy"
"127",24,43.1,-66.52,"ScotiaFundy"
"128",25,44.21,-66.5,"ScotiaFundy"
"129",25,43.1,-66.52,"ScotiaFundy"
"130",25,42.88,-66.62,"ScotiaFundy"
"131",25,42.79,-67,"ScotiaFundy"
"132",25,43.2,-67,"ScotiaFundy"
"133",25,44,-67,"ScotiaFundy"
"134",26,42.79,-67,"ScotiaFundy"
"135",26,42.56,-66.1,"ScotiaFundy"
"136",26,42.18,-66.32,"ScotiaFundy"
"137",26,42.18,-67,"ScotiaFundy"
"138",26,42.18,-67.7,"ScotiaFundy"
"139",26,42.58,-67.75,"ScotiaFundy"
"140",27,42.18,-67,"ScotiaFundy"
"141",27,41.5,-67,"ScotiaFundy"
"142",27,41.5,-67.68,"ScotiaFundy"
"143",27,42.03,-67.68,"ScotiaFundy"
"144",28,42.18,-67,"ScotiaFundy"
"145",28,42.18,-66.32,"ScotiaFundy"
"146",28,41.9,-65.72,"ScotiaFundy"
"147",28,41.5,-66,"ScotiaFundy"
"148",28,41.5,-67,"ScotiaFundy"
"149",29,42.56,-66.1,"ScotiaFundy"
"150",29,42.13,-65.55,"ScotiaFundy"
"151",29,41.9,-65.72,"ScotiaFundy"
"152",29,42.18,-66.32,"ScotiaFundy"
"153",30,42.42,-64.95,"ScotiaFundy"
"154",30,41.68,-64.3,"ScotiaFundy"
"155",30,40.575,-66.14,"ScotiaFundy"
"156",30,41.03,-66.57,"ScotiaFundy"
"157",30,41.5,-66,"ScotiaFundy"
"158",30,41.9,-65.72,"ScotiaFundy"
"159",30,42.13,-65.55,"ScotiaFundy"
"160",31,41.68,-64.3,"ScotiaFundy"
"161",31,40.92,-63.73,"ScotiaFundy"
"162",31,40.1,-65.71,"ScotiaFundy"
"163",31,40.575,-66.14,"ScotiaFundy"
"164",32,42.25,-61.4,"ScotiaFundy"
"165",32,41.5,-61,"ScotiaFundy"
"166",32,40.92,-63.73,"ScotiaFundy"
"167",32,41.68,-64.3,"ScotiaFundy"
"168",33,42.73,-64.23,"ScotiaFundy"
"169",33,42.79,-63.85,"ScotiaFundy"
"170",33,42.91,-62.77,"ScotiaFundy"
"171",33,42.96,-62.2,"ScotiaFundy"
"172",33,43.01,-61.82,"ScotiaFundy"
"173",33,42.25,-61.4,"ScotiaFundy"
"174",33,41.68,-64.3,"ScotiaFundy"
"175",33,42.42,-64.95,"ScotiaFundy"
"176",34,44.68,-56.25,"ScotiaFundy"
"177",34,44.15,-55.68,"ScotiaFundy"
"178",34,42.25,-61.4,"ScotiaFundy"
"179",34,43.01,-61.82,"ScotiaFundy"
"180",34,43.3,-61,"ScotiaFundy"
"181",34,43.9,-58.97,"ScotiaFundy"
"182",34,43.91,-58.88,"ScotiaFundy"
"183",34,44.45,-57.06,"ScotiaFundy"
"184",35,44.15,-55.68,"ScotiaFundy"
"185",35,43.51,-55.09,"ScotiaFundy"
"186",35,41.5,-61,"ScotiaFundy"
"187",35,42.25,-61.4,"ScotiaFundy"
"188",36,41.5,-66,"ScotiaFundy"
"189",36,40.69,-66.98,"ScotiaFundy"
"190",36,41.18,-67.2,"ScotiaFundy"
"191",36,41.5,-67,"ScotiaFundy"
"192",37,41.18,-67.2,"ScotiaFundy"
"193",37,40.69,-66.98,"ScotiaFundy"
"194",37,40.23,-68.6,"ScotiaFundy"
"195",37,40.6,-68.69,"ScotiaFundy"
"196",37,40.98,-67.67,"ScotiaFundy"
"197",38,42.03,-67.68,"ScotiaFundy"
"198",38,41.5,-67.68,"ScotiaFundy"
"199",38,41.5,-67,"ScotiaFundy"
"200",38,41.18,-67.2,"ScotiaFundy"
"201",38,40.98,-67.67,"ScotiaFundy"
"202",38,41.47,-68.31,"ScotiaFundy"
"203",38,41.67,-68.25,"ScotiaFundy"
"204",39,41.47,-68.31,"ScotiaFundy"
"205",39,40.98,-67.67,"ScotiaFundy"
"206",39,40.6,-68.69,"ScotiaFundy"
"207",39,41.08,-68.82,"ScotiaFundy"
"208",39,41.4,-68.35,"ScotiaFundy"
"209",40,42.18,-67.7,"ScotiaFundy"
"210",40,42.18,-67,"ScotiaFundy"
"211",40,42.03,-67.68,"ScotiaFundy"
"212",40,41.67,-68.25,"ScotiaFundy"
"213",40,41.47,-68.31,"ScotiaFundy"
"214",40,41.4,-68.35,"ScotiaFundy"
"215",40,41.08,-68.82,"ScotiaFundy"
"216",40,41.16,-69.01,"ScotiaFundy"
"217",40,41.75,-68.38,"ScotiaFundy"
"218",41,42.18,-69,"ScotiaFundy"
"219",41,41.75,-68.38,"ScotiaFundy"
"220",41,41.16,-69.01,"ScotiaFundy"
"221",41,41.62,-69.4,"ScotiaFundy"
"222",41,41.73,-69.32,"ScotiaFundy"
"223",42,42.81,-67.92,"ScotiaFundy"
"224",42,42.58,-67.75,"ScotiaFundy"
"225",42,42.18,-67.7,"ScotiaFundy"
"226",42,41.75,-68.38,"ScotiaFundy"
"227",42,42.18,-69,"ScotiaFundy"
"228",42,42.55,-68.75,"ScotiaFundy"
"229",42,42.71,-68.6,"ScotiaFundy"
"230",43,43.2,-67,"ScotiaFundy"
"231",43,42.79,-67,"ScotiaFundy"
"232",43,42.58,-67.75,"ScotiaFundy"
"233",43,42.81,-67.92,"ScotiaFundy"
"234",43,43.18,-68.2,"ScotiaFundy"
"235",44,44,-67,"ScotiaFundy"
"236",44,43.2,-67,"ScotiaFundy"
"237",44,43.18,-68.2,"ScotiaFundy"
"238",44,44,-67.73,"ScotiaFundy"
"239",45,44,-67.73,"ScotiaFundy"
"240",45,43.18,-68.2,"ScotiaFundy"
"241",45,42.81,-67.92,"ScotiaFundy"
"242",45,42.71,-68.6,"ScotiaFundy"
"243",45,43.32,-68.75,"ScotiaFundy"
"244",46,43.32,-68.75,"ScotiaFundy"
"245",46,42.71,-68.6,"ScotiaFundy"
"246",46,42.55,-68.75,"ScotiaFundy"
"247",46,43.12,-70,"ScotiaFundy"
"248",46,43.34,-70,"ScotiaFundy"
"249",47,43.12,-70,"ScotiaFundy"
"250",47,42.55,-68.75,"ScotiaFundy"
"251",47,42.18,-69,"ScotiaFundy"
"252",47,41.73,-69.32,"ScotiaFundy"
"253",47,42.11,-69.88,"ScotiaFundy"
"254",48,43.12,-70,"ScotiaFundy"
"255",48,42.11,-69.88,"ScotiaFundy"
"256",48,42.11,-70.1,"ScotiaFundy"
"257",48,42.62,-70.53,"ScotiaFundy"
"258",49,42.62,-70.53,"ScotiaFundy"
"259",49,42.11,-70.1,"ScotiaFundy"
"260",49,42.09,-70.27,"ScotiaFundy"
"261",49,41.8,-70.04,"ScotiaFundy"
"262",49,41.78,-70.42,"ScotiaFundy"
"263",49,42.44,-70.9,"ScotiaFundy"
"264",50,43.68,-70,"ScotiaFundy"
"265",50,43.34,-70,"ScotiaFundy"
"266",50,43.12,-70,"ScotiaFundy"
"267",50,42.62,-70.53,"ScotiaFundy"
"268",50,42.9,-70.78,"ScotiaFundy"
"269",51,43.9,-68.98,"ScotiaFundy"
"270",51,43.32,-68.75,"ScotiaFundy"
"271",51,43.34,-70,"ScotiaFundy"
"272",51,43.68,-70,"ScotiaFundy"
"273",52,44.41,-67.6,"ScotiaFundy"
"274",52,44,-67,"ScotiaFundy"
"275",52,44,-67.73,"ScotiaFundy"
"276",52,43.32,-68.75,"ScotiaFundy"
"277",52,43.9,-68.98,"ScotiaFundy"
"278",53,44.6,-66.78,"ScotiaFundy"
"279",53,44.31,-66.4,"ScotiaFundy"
"280",53,44.21,-66.5,"ScotiaFundy"
"281",53,44,-67,"ScotiaFundy"
"282",53,44.41,-67.6,"ScotiaFundy"
"283",53,44.57,-67.22,"ScotiaFundy"
"284",54,45.09,-66.15,"ScotiaFundy"
"285",54,44.7,-65.8,"ScotiaFundy"
"286",54,44.31,-66.4,"ScotiaFundy"
"287",54,44.6,-66.78,"ScotiaFundy"
"288",54,44.89,-66.68,"ScotiaFundy"
"289",55,45.49,-65.08,"ScotiaFundy"
"290",55,45.16,-64.82,"ScotiaFundy"
"291",55,44.7,-65.8,"ScotiaFundy"
"292",55,45.09,-66.15,"ScotiaFundy"
"293",56,42.11,-69.88,"ScotiaFundy"
"294",56,41.73,-69.32,"ScotiaFundy"
"295",56,41.62,-69.4,"ScotiaFundy"
"296",56,41.16,-69.01,"ScotiaFundy"
"297",56,41,-69.1,"ScotiaFundy"
"298",56,41.5744,-69.66,"ScotiaFundy"
"299",56,41.718,-69.8,"ScotiaFundy"
"300",56,41.8,-69.88,"ScotiaFundy"
"301",56,42.11,-70.1,"ScotiaFundy"
"302",57,41.718,-69.8,"ScotiaFundy"
"303",57,41.5744,-69.66,"ScotiaFundy"
"304",57,41.23,-69.97,"ScotiaFundy"
"305",57,41.23,-70.5,"ScotiaFundy"
"306",57,41.54,-70.5,"ScotiaFundy"
"307",57,41.65,-70.15,"ScotiaFundy"
"308",58,41.5744,-69.66,"ScotiaFundy"
"309",58,41,-69.1,"ScotiaFundy"
"310",58,40.57,-69.21,"ScotiaFundy"
"311",58,40.59,-69.56,"ScotiaFundy"
"312",58,40.64,-70.5,"ScotiaFundy"
"313",58,41.23,-70.5,"ScotiaFundy"
"314",58,41.23,-69.97,"ScotiaFundy"
"315",59,41.16,-69.01,"ScotiaFundy"
"316",59,41.08,-68.82,"ScotiaFundy"
"317",59,40.6,-68.69,"ScotiaFundy"
"318",59,40.57,-69.21,"ScotiaFundy"
"319",59,41,-69.1,"ScotiaFundy"
"320",60,40.59,-69.56,"ScotiaFundy"
"321",60,40.05,-69.56,"ScotiaFundy"
"322",60,40.06,-70.5,"ScotiaFundy"
"323",60,40.64,-70.5,"ScotiaFundy"
"324",61,40.6,-68.69,"ScotiaFundy"
"325",61,40.23,-68.6,"ScotiaFundy"
"326",61,40.04,-69.25,"ScotiaFundy"
"327",61,40.05,-69.56,"ScotiaFundy"
"328",61,40.59,-69.56,"ScotiaFundy"
"329",61,40.57,-69.21,"ScotiaFundy"
"330",62,40.23,-68.6,"ScotiaFundy"
"331",62,39.56,-68.155,"ScotiaFundy"
"332",62,38.965,-70.155,"ScotiaFundy"
"333",62,40.06,-70.5,"ScotiaFundy"
"334",62,40.05,-69.56,"ScotiaFundy"
"335",62,40.04,-69.25,"ScotiaFundy"
"336",63,39.56,-68.155,"ScotiaFundy"
"337",63,38.89,-67.71,"ScotiaFundy"
"338",63,37.87,-69.81,"ScotiaFundy"
"339",63,38.965,-70.155,"ScotiaFundy"
"340",64,41.03,-66.57,"ScotiaFundy"
"341",64,40.575,-66.14,"ScotiaFundy"
"342",64,39.56,-68.155,"ScotiaFundy"
"343",64,40.23,-68.6,"ScotiaFundy"
"344",64,40.69,-66.98,"ScotiaFundy"
"345",65,40.575,-66.14,"ScotiaFundy"
"346",65,40.1,-65.71,"ScotiaFundy"
"347",65,38.89,-67.71,"ScotiaFundy"
"348",65,39.56,-68.155,"ScotiaFundy"
"349",66,46.625,-60.35,"ScotiaFundy"
"350",66,46.925,-59.9333,"ScotiaFundy"
"351",66,47.15,-60.2833,"ScotiaFundy"
"352",66,47.0333,-60.4583,"ScotiaFundy"
"353",67,46.925,-59.9333,"ScotiaFundy"
"354",67,47.15,-60.2833,"ScotiaFundy"
"355",67,47.455,-59.8417,"ScotiaFundy"
"356",67,47.2383,-59.4917,"ScotiaFundy"
"357",67,47.0033,-59.825,"ScotiaFundy"
"358",68,47.2383,-59.4917,"ScotiaFundy"
"359",68,47.455,-59.8417,"ScotiaFundy"
"360",68,47.8033,-59.3583,"ScotiaFundy"
"361",68,47.5833,-59.0167,"ScotiaFundy"
"362",1,47.0333,-60.4583,"Gulf"
"363",1,47.15,-60.2833,"Gulf"
"364",1,47.455,-59.8417,"Gulf"
"365",1,48.3,-60.6833,"Gulf"
"366",1,47.9667,-60.9833,"Gulf"
"367",1,47.6667,-60.6,"Gulf"
"368",1,47.0333,-60.6,"Gulf"
"369",2,47.455,-59.8417,"Gulf"
"370",2,47.8033,-59.3583,"Gulf"
"371",2,48.4667,-59.2833,"Gulf"
"372",2,48.4833,-60.5167,"Gulf"
"373",2,48.3,-60.6833,"Gulf"
"374",3,51.2833,-56.6833,"Gulf"
"375",3,48.4667,-59.2833,"Gulf"
"376",3,48.4833,-60.5167,"Gulf"
"377",3,49.8333,-59.2,"Gulf"
"378",3,51.3167,-56.9167,"Gulf"
"379",4,51.3167,-56.9167,"Gulf"
"380",4,49.8333,-59.2,"Gulf"
"381",4,48.4833,-60.5167,"Gulf"
"382",4,50.2333,-60.6333,"Gulf"
"383",4,51.4333,-57.9,"Gulf"
"384",5,50.2333,-60.6333,"Gulf"
"385",5,48.4833,-60.5167,"Gulf"
"386",5,49.0833,-61.7167,"Gulf"
"387",5,49.9167,-64,"Gulf"
"388",5,50.2833,-64,"Gulf"
"389",6,50.2833,-64,"Gulf"
"390",6,49.2,-64,"Gulf"
"391",6,49.5,-65,"Gulf"
"392",6,49.5,-67.2167,"Gulf"
"393",6,50.1833,-66.6833,"Gulf"
"394",7,49,-67.1667,"Gulf"
"395",7,49,-68.5,"Gulf"
"396",7,48.6667,-69,"Gulf"
"397",7,48.1667,-69.5833,"Gulf"
"398",7,48.1667,-69.3333,"Gulf"
"399",7,48.3333,-69,"Gulf"
"400",8,48.9333,-63.1667,"Gulf"
"401",8,48.5,-63.1667,"Gulf"
"402",8,48.5,-64.2167,"Gulf"
"403",8,48.85,-64.2167,"Gulf"
"404",8,48.8333,-67.2167,"Gulf"
"405",8,49.5,-67.2167,"Gulf"
"406",8,49.5,-65,"Gulf"
"407",8,49.2,-64,"Gulf"
"408",9,49.0833,-61.7167,"Gulf"
"409",9,48.4833,-60.5167,"Gulf"
"410",9,48.3,-60.6833,"Gulf"
"411",9,48.9333,-63.1667,"Gulf"
"412",9,49.2,-64,"Gulf"
"413",9,49.9167,-64,"Gulf"
"414",10,48.3,-60.6833,"Gulf"
"415",10,47.9667,-60.9833,"Gulf"
"416",10,48.2167,-62,"Gulf"
"417",10,48.5,-63.1667,"Gulf"
"418",10,48.9333,-63.1667,"Gulf"
"419",11,48.5,-63.1667,"Gulf"
"420",11,47.7167,-64,"Gulf"
"421",11,47.3167,-64,"Gulf"
"422",11,47.3,-64.9333,"Gulf"
"423",11,47.8817,-64.59,"Gulf"
"424",11,48.5,-64.2167,"Gulf"
"425",12,48.2167,-62,"Gulf"
"426",12,47.3833,-62,"Gulf"
"427",12,47.3833,-64,"Gulf"
"428",12,47.7167,-64,"Gulf"
"429",12,48.5,-63.1667,"Gulf"
"430",13,47.6667,-60.6,"Gulf"
"431",13,47.3667,-60.6,"Gulf"
"432",13,47.3833,-62,"Gulf"
"433",13,48.2167,-62,"Gulf"
"434",13,47.9667,-60.9833,"Gulf"
"435",14,47.3167,-64,"Gulf"
"436",14,47.0667,-64,"Gulf"
"437",14,46.7,-64.4167,"Gulf"
"438",14,46.2167,-63.6667,"Gulf"
"439",14,46.1167,-63.7833,"Gulf"
"440",14,46.2333,-64.5833,"Gulf"
"441",14,47.3,-64.9333,"Gulf"
"442",15,47.3833,-62,"Gulf"
"443",15,46.45,-62,"Gulf"
"444",15,46.5667,-63.6833,"Gulf"
"445",15,47.0667,-64,"Gulf"
"446",15,47.3833,-64,"Gulf"
"447",16,47.3667,-60.6,"Gulf"
"448",16,47.0333,-60.6,"Gulf"
"449",16,46.45,-61,"Gulf"
"450",16,46.45,-62,"Gulf"
"451",16,47.3833,-62,"Gulf"
"452",17,46.45,-61,"Gulf"
"453",17,45.5833,-61.5667,"Gulf"
"454",17,45.9167,-64,"Gulf"
"455",17,46.2167,-63.6667,"Gulf"
"456",17,46.2167,-62.4167,"Gulf"
"457",17,46.45,-62,"Gulf"
"458",18,48.5,-64.2167,"Gulf"
"459",18,47.8817,-64.59,"Gulf"
"460",18,47.67,-65.6,"Gulf"
"461",18,47.9667,-66.1667,"Gulf"
"462",18,48.1167,-66.1667,"Gulf"
"463",18,48.1167,-65,"Gulf"
"464",1,60.45,-64.4,"NfldLab"
"465",1,60.4,-63.4,"NfldLab"
"466",1,60.3,-61.24,"NfldLab"
"467",1,60.76,-61.16,"NfldLab"
"468",1,60.76,-64.4,"NfldLab"
"469",2,56.52,-60.9,"NfldLab"
"470",2,56.62,-60.55,"NfldLab"
"471",2,57.12,-60.7,"NfldLab"
"472",2,57.55,-61.16,"NfldLab"
"473",2,58.09,-61.36,"NfldLab"
"474",2,60.4,-63.4,"NfldLab"
"475",2,60.45,-64.4,"NfldLab"
"476",2,58,-62.1,"NfldLab"
"477",2,57.77,-61.52,"NfldLab"
"478",3,54.5,-57,"NfldLab"
"479",3,54.65,-56.5,"NfldLab"
"480",3,55.32,-58.5,"NfldLab"
"481",3,55.42,-58.88,"NfldLab"
"482",3,56.62,-60.55,"NfldLab"
"483",3,56.52,-60.9,"NfldLab"
"484",3,56.1,-60.7,"NfldLab"
"485",3,55.28,-59.16,"NfldLab"
"486",3,54.91,-57.9,"NfldLab"
"487",3,54.5,-57,"NfldLab"
"488",4,53.67,-55.92,"NfldLab"
"489",4,54.5,-57,"NfldLab"
"490",4,54.38,-57.6,"NfldLab"
"491",4,53.92,-57.15,"NfldLab"
"492",5,52,-55.25,"NfldLab"
"493",5,52,-54.35,"NfldLab"
"494",5,53.4,-55.19,"NfldLab"
"495",5,53.9,-55.64,"NfldLab"
"496",5,54.65,-56.5,"NfldLab"
"497",5,54.5,-57,"NfldLab"
"498",5,53.67,-55.92,"NfldLab"
"499",5,53.5,-55.7,"NfldLab"
"500",6,52,-54.35,"NfldLab"
"501",6,52,-53.3,"NfldLab"
"502",6,52.69,-53.76,"NfldLab"
"503",6,53.31,-54.2,"NfldLab"
"504",6,53.98,-55.5,"NfldLab"
"505",6,53.9,-55.64,"NfldLab"
"506",6,53.4,-55.19,"NfldLab"
"507",7,52,-53.3,"NfldLab"
"508",7,52,-50.9,"NfldLab"
"509",7,53.13,-52.2,"NfldLab"
"510",7,52.69,-53.76,"NfldLab"
"511",8,52.69,-53.76,"NfldLab"
"512",8,53.13,-52.2,"NfldLab"
"513",8,53.58,-52.66,"NfldLab"
"514",8,53.29,-53.8,"NfldLab"
"515",8,53.31,-54.2,"NfldLab"
"516",9,53.31,-54.2,"NfldLab"
"517",9,53.29,-53.8,"NfldLab"
"518",9,53.58,-52.66,"NfldLab"
"519",9,54.55,-53.66,"NfldLab"
"520",9,54.8,-53.91,"NfldLab"
"521",9,55.2,-55.32,"NfldLab"
"522",9,54.37,-55.46,"NfldLab"
"523",9,53.98,-55.5,"NfldLab"
"524",10,54.37,-55.46,"NfldLab"
"525",10,55.2,-55.32,"NfldLab"
"526",10,55.33,-56.2,"NfldLab"
"527",10,54.83,-56.28,"NfldLab"
"528",11,53.9,-55.64,"NfldLab"
"529",11,53.98,-55.5,"NfldLab"
"530",11,54.37,-55.46,"NfldLab"
"531",11,54.83,-56.28,"NfldLab"
"532",11,54.75,-56.3,"NfldLab"
"533",11,55.45,-58.36,"NfldLab"
"534",11,55.32,-58.5,"NfldLab"
"535",11,54.65,-56.5,"NfldLab"
"536",12,54.75,-56.3,"NfldLab"
"537",12,54.83,-56.28,"NfldLab"
"538",12,55.33,-56.2,"NfldLab"
"539",12,55.6,-57.12,"NfldLab"
"540",12,56,-57.5,"NfldLab"
"541",12,55.67,-58.4,"NfldLab"
"542",12,55.45,-58.36,"NfldLab"
"543",13,55.67,-58.4,"NfldLab"
"544",13,56,-57.5,"NfldLab"
"545",13,56.57,-58.4,"NfldLab"
"546",13,56.19,-59.15,"NfldLab"
"547",14,55.32,-58.5,"NfldLab"
"548",14,55.45,-58.36,"NfldLab"
"549",14,55.67,-58.4,"NfldLab"
"550",14,56.19,-59.15,"NfldLab"
"551",14,57.12,-60.7,"NfldLab"
"552",14,56.62,-60.55,"NfldLab"
"553",14,55.42,-58.88,"NfldLab"
"554",15,56.19,-59.15,"NfldLab"
"555",15,56.57,-58.4,"NfldLab"
"556",15,56.9,-58.92,"NfldLab"
"557",15,57.8,-59.66,"NfldLab"
"558",15,57.55,-61.16,"NfldLab"
"559",15,57.12,-60.7,"NfldLab"
"560",16,57.55,-61.16,"NfldLab"
"561",16,57.8,-59.66,"NfldLab"
"562",16,58,-59.78,"NfldLab"
"563",16,58.4,-59.94,"NfldLab"
"564",16,58.09,-61.36,"NfldLab"
"565",17,58.09,-61.36,"NfldLab"
"566",17,58.4,-59.94,"NfldLab"
"567",17,60.3,-61.24,"NfldLab"
"568",17,60.4,-63.4,"NfldLab"
"569",18,58,-59.78,"NfldLab"
"570",18,58,-58.9,"NfldLab"
"571",18,60.32,-60.1,"NfldLab"
"572",18,60.76,-60,"NfldLab"
"573",18,60.76,-61.16,"NfldLab"
"574",18,60.3,-61.24,"NfldLab"
"575",18,58.4,-59.94,"NfldLab"
"576",19,58,-58.9,"NfldLab"
"577",19,58,-56.8,"NfldLab"
"578",19,60.76,-56.9,"NfldLab"
"579",19,60.76,-60,"NfldLab"
"580",19,60.32,-60.1,"NfldLab"
"581",20,56,-56.82,"NfldLab"
"582",20,56,-54.8,"NfldLab"
"583",20,58,-56.8,"NfldLab"
"584",20,58,-58.9,"NfldLab"
"585",21,56,-57.5,"NfldLab"
"586",21,56,-56.82,"NfldLab"
"587",21,58,-58.9,"NfldLab"
"588",21,58,-59.78,"NfldLab"
"589",21,57.8,-59.66,"NfldLab"
"590",21,56.9,-58.92,"NfldLab"
"591",21,56.57,-58.4,"NfldLab"
"592",22,54.55,-53.66,"NfldLab"
"593",22,54.89,-52.43,"NfldLab"
"594",22,55.26,-53.84,"NfldLab"
"595",22,55.6,-56.48,"NfldLab"
"596",22,56,-56.82,"NfldLab"
"597",22,56,-57.5,"NfldLab"
"598",22,55.6,-57.12,"NfldLab"
"599",22,55.33,-56.2,"NfldLab"
"600",22,55.2,-55.32,"NfldLab"
"601",22,54.8,-53.91,"NfldLab"
"602",23,54.89,-52.43,"NfldLab"
"603",23,55.24,-51.1,"NfldLab"
"604",23,56,-54.8,"NfldLab"
"605",23,56,-56.82,"NfldLab"
"606",23,55.6,-56.48,"NfldLab"
"607",23,55.26,-53.84,"NfldLab"
"608",24,52,-50.4,"NfldLab"
"609",24,52,-49,"NfldLab"
"610",24,55.24,-51.1,"NfldLab"
"611",24,54.89,-52.43,"NfldLab"
"612",24,54.03,-52.43,"NfldLab"
"613",25,52,-50.9,"NfldLab"
"614",25,52,-50.4,"NfldLab"
"615",25,54.03,-52.43,"NfldLab"
"616",25,54.89,-52.43,"NfldLab"
"617",25,54.55,-53.66,"NfldLab"
"618",25,53.58,-52.66,"NfldLab"
"619",25,53.13,-52.2,"NfldLab"
"620",26,52,-50.9,"NfldLab"
"621",26,52,-49,"NfldLab"
"622",26,50.35,-46.6,"NfldLab"
"623",26,48.75,-49.95,"NfldLab"
"624",26,50.35,-50.5,"NfldLab"
"625",27,52,-54.35,"NfldLab"
"626",27,52,-50.9,"NfldLab"
"627",27,50.35,-50.5,"NfldLab"
"628",27,50.35,-52.68,"NfldLab"
"629",28,52,-55.25,"NfldLab"
"630",28,52,-54.35,"NfldLab"
"631",28,50.35,-52.68,"NfldLab"
"632",28,50,-54,"NfldLab"
"633",28,49.8,-55,"NfldLab"
"634",28,50.33,-56.3,"NfldLab"
"635",28,51.3,-55.25,"NfldLab"
"636",29,50,-54,"NfldLab"
"637",29,50.35,-52.68,"NfldLab"
"638",29,48.68,-51.95,"NfldLab"
"639",29,48.62,-53,"NfldLab"
"640",30,50.35,-52.68,"NfldLab"
"641",30,50.35,-50.5,"NfldLab"
"642",30,48.75,-49.95,"NfldLab"
"643",30,48.7,-51.23,"NfldLab"
"644",30,48.68,-51.95,"NfldLab"
"645",31,48.62,-53,"NfldLab"
"646",31,48.68,-51.95,"NfldLab"
"647",31,48.7,-51.23,"NfldLab"
"648",31,47.71,-51.58,"NfldLab"
"649",31,47.83,-52.55,"NfldLab"
"650",32,48.7,-51.23,"NfldLab"
"651",32,48.75,-49.95,"NfldLab"
"652",32,48.21,-50.07,"NfldLab"
"653",32,47.51,-50.18,"NfldLab"
"654",32,47.71,-51.58,"NfldLab"
"655",33,48.75,-49.95,"NfldLab"
"656",33,48.1,-46.95,"NfldLab"
"657",33,45.83,-47.21,"NfldLab"
"658",33,45.8,-48.1,"NfldLab"
"659",33,46.4,-47.5,"NfldLab"
"660",33,47.27,-47.71,"NfldLab"
"661",33,48.21,-50.07,"NfldLab"
"662",34,48.75,-49.95,"NfldLab"
"663",34,50.35,-46.6,"NfldLab"
"664",34,48.07,-43.9,"NfldLab"
"665",34,48.5,-45.2,"NfldLab"
"666",34,48.12,-46.1,"NfldLab"
"667",34,48.1,-46.95,"NfldLab"
"668",35,48.1,-46.95,"NfldLab"
"669",35,48.12,-46.1,"NfldLab"
"670",35,45.92,-46.71,"NfldLab"
"671",35,45.83,-47.21,"NfldLab"
"672",36,48.12,-46.1,"NfldLab"
"673",36,47.13,-45.35,"NfldLab"
"674",36,46.6,-45.01,"NfldLab"
"675",36,46.29,-44.76,"NfldLab"
"676",36,45.92,-46.71,"NfldLab"
"677",37,48.12,-46.1,"NfldLab"
"678",37,48.5,-45.2,"NfldLab"
"679",37,48.07,-43.9,"NfldLab"
"680",37,47.46,-44.6,"NfldLab"
"681",37,47.13,-45.35,"NfldLab"
"682",38,47.13,-45.35,"NfldLab"
"683",38,47.46,-44.6,"NfldLab"
"684",38,46.93,-44.36,"NfldLab"
"685",38,46.6,-45.01,"NfldLab"
"686",39,47.46,-44.6,"NfldLab"
"687",39,48.07,-43.9,"NfldLab"
"688",39,46.98,-43.48,"NfldLab"
"689",39,46.93,-44.36,"NfldLab"
"690",40,46.93,-44.36,"NfldLab"
"691",40,46.98,-43.48,"NfldLab"
"692",40,46.29,-44.76,"NfldLab"
"693",40,46.6,-45.01,"NfldLab"
"694",41,48.07,-43.9,"NfldLab"
"695",41,48.07,-42,"NfldLab"
"696",41,47,-42,"NfldLab"
"697",41,46.98,-43.48,"NfldLab"
"698",42,45.83,-47.21,"NfldLab"
"699",42,45.92,-46.71,"NfldLab"
"700",42,46.29,-44.76,"NfldLab"
"701",42,46.98,-43.48,"NfldLab"
"702",42,47,-42,"NfldLab"
"703",42,43.95,-45.65,"NfldLab"
"704",43,45.83,-47.21,"NfldLab"
"705",43,43.95,-45.65,"NfldLab"
"706",43,42,-47.7,"NfldLab"
"707",43,42,-50.26,"NfldLab"
"708",43,42.62,-50.35,"NfldLab"
"709",43,42.85,-48.55,"NfldLab"
"710",43,44.76,-48.52,"NfldLab"
"711",44,45.79,-48.45,"NfldLab"
"712",44,45.8,-48.1,"NfldLab"
"713",44,45.83,-47.21,"NfldLab"
"714",44,44.76,-48.52,"NfldLab"
"715",44,42.85,-48.55,"NfldLab"
"716",44,42.62,-50.35,"NfldLab"
"717",44,42.97,-50.42,"NfldLab"
"718",44,43.18,-49.72,"NfldLab"
"719",44,45.21,-49,"NfldLab"
"720",45,48.21,-50.07,"NfldLab"
"721",45,47.27,-47.71,"NfldLab"
"722",45,46.4,-47.5,"NfldLab"
"723",45,45.8,-48.1,"NfldLab"
"724",45,45.79,-48.45,"NfldLab"
"725",45,47.24,-48.69,"NfldLab"
"726",45,47.51,-50.18,"NfldLab"
"727",46,47.51,-50.18,"NfldLab"
"728",46,47.24,-48.69,"NfldLab"
"729",46,45.79,-48.45,"NfldLab"
"730",46,45.21,-49,"NfldLab"
"731",46,45.24,-50.76,"NfldLab"
"732",46,46.64,-50.41,"NfldLab"
"733",47,47.71,-51.58,"NfldLab"
"734",47,47.51,-50.18,"NfldLab"
"735",47,46.64,-50.41,"NfldLab"
"736",47,46.7,-52.2,"NfldLab"
"737",48,47.83,-52.55,"NfldLab"
"738",48,47.71,-51.58,"NfldLab"
"739",48,46.7,-52.2,"NfldLab"
"740",48,45.91,-52.68,"NfldLab"
"741",48,46.51,-52.88,"NfldLab"
"742",49,46.43,-54.5,"NfldLab"
"743",49,46.51,-52.88,"NfldLab"
"744",49,45.91,-52.68,"NfldLab"
"745",49,45.92,-53.59,"NfldLab"
"746",49,46.19,-54.57,"NfldLab"
"747",50,46.7,-52.2,"NfldLab"
"748",50,46.64,-50.41,"NfldLab"
"749",50,45.24,-50.76,"NfldLab"
"750",50,45.91,-52.68,"NfldLab"
"751",51,45.91,-52.68,"NfldLab"
"752",51,45.24,-50.76,"NfldLab"
"753",51,43.49,-51.36,"NfldLab"
"754",51,44.53,-53.31,"NfldLab"
"755",52,45.24,-50.76,"NfldLab"
"756",52,45.21,-49,"NfldLab"
"757",52,43.18,-49.72,"NfldLab"
"758",52,42.97,-50.42,"NfldLab"
"759",52,43.49,-51.36,"NfldLab"
"760",53,44.02,-52.35,"NfldLab"
"761",53,43.49,-51.36,"NfldLab"
"762",53,42.97,-50.42,"NfldLab"
"763",53,42.62,-50.35,"NfldLab"
"764",53,42.55,-50.82,"NfldLab"
"765",53,43.63,-52.77,"NfldLab"
"766",54,45,-54.26,"NfldLab"
"767",54,44.53,-53.31,"NfldLab"
"768",54,44.02,-52.35,"NfldLab"
"769",54,43.63,-52.77,"NfldLab"
"770",54,44.63,-54.65,"NfldLab"
"771",55,45.92,-53.59,"NfldLab"
"772",55,45.91,-52.68,"NfldLab"
"773",55,44.53,-53.31,"NfldLab"
"774",55,45,-54.26,"NfldLab"
"775",56,46.19,-54.57,"NfldLab"
"776",56,45.92,-53.59,"NfldLab"
"777",56,45,-54.26,"NfldLab"
"778",56,45.26,-54.57,"NfldLab"
"779",56,45.72,-54.29,"NfldLab"
"780",57,44.51,-56.09,"NfldLab"
"781",57,44.63,-54.65,"NfldLab"
"782",57,43.63,-52.77,"NfldLab"
"783",57,42.55,-50.82,"NfldLab"
"784",57,42.62,-50.35,"NfldLab"
"785",57,42,-50.26,"NfldLab"
"786",57,42,-52,"NfldLab"
"787",57,43.51,-55.09,"NfldLab"
"788",57,44.15,-55.68,"NfldLab"
"789",58,45,-56.02,"NfldLab"
"790",58,45.08,-55.62,"NfldLab"
"791",58,45.2,-54.92,"NfldLab"
"792",58,45.26,-54.57,"NfldLab"
"793",58,45,-54.26,"NfldLab"
"794",58,44.63,-54.65,"NfldLab"
"795",58,44.51,-56.09,"NfldLab"
"796",59,46.2,-54.78,"NfldLab"
"797",59,46.19,-54.57,"NfldLab"
"798",59,45.72,-54.29,"NfldLab"
"799",59,45.26,-54.57,"NfldLab"
"800",59,45.2,-54.92,"NfldLab"
"801",59,45.81,-55.02,"NfldLab"
"802",60,46.1,-55.39,"NfldLab"
"803",60,46.2,-54.78,"NfldLab"
"804",60,45.81,-55.02,"NfldLab"
"805",60,45.2,-54.92,"NfldLab"
"806",60,45.08,-55.62,"NfldLab"
"807",61,46.7,-55.87,"NfldLab"
"808",61,46.79,-54.44,"NfldLab"
"809",61,46.2,-54.78,"NfldLab"
"810",61,46.1,-55.39,"NfldLab"
"811",61,46.58,-56.15,"NfldLab"
"812",62,46.84,-56.9,"NfldLab"
"813",62,46.58,-56.15,"NfldLab"
"814",62,46.1,-55.39,"NfldLab"
"815",62,45.08,-55.62,"NfldLab"
"816",62,45,-56.02,"NfldLab"
"817",62,46.49,-57.38,"NfldLab"
"818",63,47.37,-57.02,"NfldLab"
"819",63,47.35,-56.3,"NfldLab"
"820",63,46.54,-57.55,"NfldLab"
"821",63,46.9,-57.85,"NfldLab"
"822",63,47.21,-57.3,"NfldLab"
"823",64,47.53,-59.15,"NfldLab"
"824",64,47.57,-58.67,"NfldLab"
"825",64,47.21,-57.3,"NfldLab"
"826",64,46.9,-57.85,"NfldLab"
"827",64,47.08,-58.12,"NfldLab"
"828",64,47.3,-58.46,"NfldLab"
"829",65,47.53,-59.15,"NfldLab"
"830",65,47.3,-58.46,"NfldLab"
"831",65,47.08,-58.12,"NfldLab"
"832",65,46.9,-57.85,"NfldLab"
"833",65,46.54,-57.55,"NfldLab"
"834",65,46.49,-57.38,"NfldLab"
"835",65,45,-56.02,"NfldLab"
"836",65,44.51,-56.09,"NfldLab"
"837",65,44.68,-56.25,"NfldLab"
"838",65,46.05,-57.8,"NfldLab"
"839",65,47.238,-59.4917,"NfldLab"
